category,objectType,abortDepth,pattern,iteration,expectedAbort,actualAbort,abortCode,gasUsed,computationCost,storageCost,storageRebate,netGasCost,wallClockLatency,executionTime,errorMessage,errorType,timestamp,transactionDigest
Rollback-Depth,owned,shallow,rollback_shallow,1,true,true,102,200880,191000,988000,978120,200880,1506.22,1506.22,"MoveAbort(MoveLocation { module: ModuleId { address: 7ce60dbd92810f03514a3c11ceb34f8db547f40e01a5724bc5624deef0df17d6, name: Identifier(""taxonomy"") }, function: 23, instruction: 7, function_name: Some(""test_rollback_shallow_owned"") }, 102) in command 0",MOVE_ABORT,2026-04-27T03:33:05.595Z,5xAmokZ5zSGMBPfBxSQvL44AFdos3LQMp2yFqZhcUHkW
Rollback-Depth,owned,shallow,rollback_shallow,2,true,true,102,200880,191000,988000,978120,200880,884.68,884.68,"MoveAbort(MoveLocation { module: ModuleId { address: 7ce60dbd92810f03514a3c11ceb34f8db547f40e01a5724bc5624deef0df17d6, name: Identifier(""taxonomy"") }, function: 23, instruction: 7, function_name: Some(""test_rollback_shallow_owned"") }, 102) in command 0",MOVE_ABORT,2026-04-27T03:33:08.307Z,7FwopoP9nctx7XbTYpRMkvzMAnicW5tvUqhv6Un7R2qH
Rollback-Depth,owned,shallow,rollback_shallow,3,true,true,102,200880,191000,988000,978120,200880,1019.44,1019.44,"MoveAbort(MoveLocation { module: ModuleId { address: 7ce60dbd92810f03514a3c11ceb34f8db547f40e01a5724bc5624deef0df17d6, name: Identifier(""taxonomy"") }, function: 23, instruction: 7, function_name: Some(""test_rollback_shallow_owned"") }, 102) in command 0",MOVE_ABORT,2026-04-27T03:33:10.398Z,AiDfe2ebAB55mKzNGRAi2L356GyXJXN5BYbzCa7k1Vik
Rollback-Depth,owned,shallow,rollback_shallow,4,true,true,102,200880,191000,988000,978120,200880,1420.14,1420.14,"MoveAbort(MoveLocation { module: ModuleId { address: 7ce60dbd92810f03514a3c11ceb34f8db547f40e01a5724bc5624deef0df17d6, name: Identifier(""taxonomy"") }, function: 23, instruction: 7, function_name: Some(""test_rollback_shallow_owned"") }, 102) in command 0",MOVE_ABORT,2026-04-27T03:33:12.625Z,B1DSV6mGSktzcyqEtunJoLdyiGrXD2rD6eTp8oCT2oL6
Rollback-Depth,owned,shallow,rollback_shallow,5,true,true,102,200880,191000,988000,978120,200880,948.30,948.30,"MoveAbort(MoveLocation { module: ModuleId { address: 7ce60dbd92810f03514a3c11ceb34f8db547f40e01a5724bc5624deef0df17d6, name: Identifier(""taxonomy"") }, function: 23, instruction: 7, function_name: Some(""test_rollback_shallow_owned"") }, 102) in command 0",MOVE_ABORT,2026-04-27T03:33:15.251Z,BvHL8bg8qFiAbkMmNRCPKa59fz2ARhbW8PSEMp8YV3Wa
Rollback-Depth,owned,shallow,rollback_shallow,6,true,true,102,200880,191000,988000,978120,200880,1175.10,1175.10,"MoveAbort(MoveLocation { module: ModuleId { address: 7ce60dbd92810f03514a3c11ceb34f8db547f40e01a5724bc5624deef0df17d6, name: Identifier(""taxonomy"") }, function: 23, instruction: 7, function_name: Some(""test_rollback_shallow_owned"") }, 102) in command 0",MOVE_ABORT,2026-04-27T03:33:17.410Z,FXMiwGf7jMN8VVFBfEgirXfy4ziNvw7xnLhXyBXaLetn
Rollback-Depth,owned,shallow,rollback_shallow,7,true,true,102,200880,191000,988000,978120,200880,946.49,946.49,"MoveAbort(MoveLocation { module: ModuleId { address: 7ce60dbd92810f03514a3c11ceb34f8db547f40e01a5724bc5624deef0df17d6, name: Identifier(""taxonomy"") }, function: 23, instruction: 7, function_name: Some(""test_rollback_shallow_owned"") }, 102) in command 0",MOVE_ABORT,2026-04-27T03:33:19.787Z,EwVY7ifiav93VSWJidwEa91qyHTdfJijCQ3CuRe2xZGs
Rollback-Depth,owned,shallow,rollback_shallow,8,true,true,102,200880,191000,988000,978120,200880,1083.70,1083.70,"MoveAbort(MoveLocation { module: ModuleId { address: 7ce60dbd92810f03514a3c11ceb34f8db547f40e01a5724bc5624deef0df17d6, name: Identifier(""taxonomy"") }, function: 23, instruction: 7, function_name: Some(""test_rollback_shallow_owned"") }, 102) in command 0",MOVE_ABORT,2026-04-27T03:33:21.946Z,EhCPHpi8gdmkXhMXK7KMtvSQRTqpsdsGdXi1Joahw4RN
Rollback-Depth,owned,shallow,rollback_shallow,9,true,true,102,200880,191000,988000,978120,200880,954.26,954.26,"MoveAbort(MoveLocation { module: ModuleId { address: 7ce60dbd92810f03514a3c11ceb34f8db547f40e01a5724bc5624deef0df17d6, name: Identifier(""taxonomy"") }, function: 23, instruction: 7, function_name: Some(""test_rollback_shallow_owned"") }, 102) in command 0",MOVE_ABORT,2026-04-27T03:33:24.276Z,Ajkmko23dKD489H7bGog1QDNKxiBKj6uTAL9iSEQJin1
Rollback-Depth,owned,shallow,rollback_shallow,10,true,true,102,200880,191000,988000,978120,200880,1073.37,1073.37,"MoveAbort(MoveLocation { module: ModuleId { address: 7ce60dbd92810f03514a3c11ceb34f8db547f40e01a5724bc5624deef0df17d6, name: Identifier(""taxonomy"") }, function: 23, instruction: 7, function_name: Some(""test_rollback_shallow_owned"") }, 102) in command 0",MOVE_ABORT,2026-04-27T03:33:26.433Z,4o3EFs3TbQfV1YdBKh4PbRFqEUT1ywzoGy25W1xZr9C7
Rollback-Depth,owned,shallow,rollback_shallow,11,true,true,102,200880,191000,988000,978120,200880,990.49,990.49,"MoveAbort(MoveLocation { module: ModuleId { address: 7ce60dbd92810f03514a3c11ceb34f8db547f40e01a5724bc5624deef0df17d6, name: Identifier(""taxonomy"") }, function: 23, instruction: 7, function_name: Some(""test_rollback_shallow_owned"") }, 102) in command 0",MOVE_ABORT,2026-04-27T03:33:28.719Z,2Xw6XofK5w8Qdvdb2bEC2KsihXAJZQ8YPphiRX9kPchr
Rollback-Depth,owned,shallow,rollback_shallow,12,true,true,102,200880,191000,988000,978120,200880,1076.26,1076.26,"MoveAbort(MoveLocation { module: ModuleId { address: 7ce60dbd92810f03514a3c11ceb34f8db547f40e01a5724bc5624deef0df17d6, name: Identifier(""taxonomy"") }, function: 23, instruction: 7, function_name: Some(""test_rollback_shallow_owned"") }, 102) in command 0",MOVE_ABORT,2026-04-27T03:33:30.914Z,4TFNCWxpRqvZTJddbnpaTuiCbSc1mvvtgNcaGssdN7p2
Rollback-Depth,owned,shallow,rollback_shallow,13,true,true,102,200880,191000,988000,978120,200880,926.78,926.78,"MoveAbort(MoveLocation { module: ModuleId { address: 7ce60dbd92810f03514a3c11ceb34f8db547f40e01a5724bc5624deef0df17d6, name: Identifier(""taxonomy"") }, function: 23, instruction: 7, function_name: Some(""test_rollback_shallow_owned"") }, 102) in command 0",MOVE_ABORT,2026-04-27T03:33:33.198Z,9Uxi4P5xJo2YvgT1vfRQrsVJcDuQE6ahCvcRdYxRr7dg
Rollback-Depth,owned,shallow,rollback_shallow,14,true,true,102,200880,191000,988000,978120,200880,973.12,973.12,"MoveAbort(MoveLocation { module: ModuleId { address: 7ce60dbd92810f03514a3c11ceb34f8db547f40e01a5724bc5624deef0df17d6, name: Identifier(""taxonomy"") }, function: 23, instruction: 7, function_name: Some(""test_rollback_shallow_owned"") }, 102) in command 0",MOVE_ABORT,2026-04-27T03:33:35.326Z,G68Kevygk5tzvE3v9NuHThFTZ7GF3ASv2BC7v4tmShGZ
Rollback-Depth,owned,shallow,rollback_shallow,15,true,true,102,200880,191000,988000,978120,200880,2180.78,2180.78,"MoveAbort(MoveLocation { module: ModuleId { address: 7ce60dbd92810f03514a3c11ceb34f8db547f40e01a5724bc5624deef0df17d6, name: Identifier(""taxonomy"") }, function: 23, instruction: 7, function_name: Some(""test_rollback_shallow_owned"") }, 102) in command 0",MOVE_ABORT,2026-04-27T03:33:37.500Z,3oRjtBv1WqV6LBAtLP3XDxRVG9VqHt1pUz57UPfnKTXv
Rollback-Depth,owned,shallow,rollback_shallow,16,true,true,102,200880,191000,988000,978120,200880,1250.48,1250.48,"MoveAbort(MoveLocation { module: ModuleId { address: 7ce60dbd92810f03514a3c11ceb34f8db547f40e01a5724bc5624deef0df17d6, name: Identifier(""taxonomy"") }, function: 23, instruction: 7, function_name: Some(""test_rollback_shallow_owned"") }, 102) in command 0",MOVE_ABORT,2026-04-27T03:33:40.892Z,58oHqctR8Yxec2i3gE9FW8pp3Sza2xoomRTYyBHznUAP
Rollback-Depth,owned,shallow,rollback_shallow,17,true,true,102,200880,191000,988000,978120,200880,967.56,967.56,"MoveAbort(MoveLocation { module: ModuleId { address: 7ce60dbd92810f03514a3c11ceb34f8db547f40e01a5724bc5624deef0df17d6, name: Identifier(""taxonomy"") }, function: 23, instruction: 7, function_name: Some(""test_rollback_shallow_owned"") }, 102) in command 0",MOVE_ABORT,2026-04-27T03:33:43.346Z,BpidMU2Jtxg6jVDBYnccGRcEtnzv9CHk2M7dtcos5Lme
Rollback-Depth,owned,shallow,rollback_shallow,18,true,true,102,200880,191000,988000,978120,200880,951.32,951.32,"MoveAbort(MoveLocation { module: ModuleId { address: 7ce60dbd92810f03514a3c11ceb34f8db547f40e01a5724bc5624deef0df17d6, name: Identifier(""taxonomy"") }, function: 23, instruction: 7, function_name: Some(""test_rollback_shallow_owned"") }, 102) in command 0",MOVE_ABORT,2026-04-27T03:33:45.530Z,9yNqTbqXnPxwuurdCTT8VA4vKaeNLgeL63ifHVny1JwU
Rollback-Depth,owned,shallow,rollback_shallow,19,true,true,102,200880,191000,988000,978120,200880,1004.50,1004.50,"MoveAbort(MoveLocation { module: ModuleId { address: 7ce60dbd92810f03514a3c11ceb34f8db547f40e01a5724bc5624deef0df17d6, name: Identifier(""taxonomy"") }, function: 23, instruction: 7, function_name: Some(""test_rollback_shallow_owned"") }, 102) in command 0",MOVE_ABORT,2026-04-27T03:33:47.696Z,EaQb4ZVYPu17RcKoydG2GqbL9aY4YfNTMVZ2F7dUMVPY
Rollback-Depth,owned,shallow,rollback_shallow,20,true,true,102,200880,191000,988000,978120,200880,952.48,952.48,"MoveAbort(MoveLocation { module: ModuleId { address: 7ce60dbd92810f03514a3c11ceb34f8db547f40e01a5724bc5624deef0df17d6, name: Identifier(""taxonomy"") }, function: 23, instruction: 7, function_name: Some(""test_rollback_shallow_owned"") }, 102) in command 0",MOVE_ABORT,2026-04-27T03:33:49.914Z,B2Gbtri9J9PeoVtZ7FeJabmE58MHPQNzpA3FBVkutRTg
Rollback-Depth,owned,medium,rollback_medium,1,true,true,102,200880,191000,988000,978120,200880,911.42,911.42,"MoveAbort(MoveLocation { module: ModuleId { address: 7ce60dbd92810f03514a3c11ceb34f8db547f40e01a5724bc5624deef0df17d6, name: Identifier(""taxonomy"") }, function: 24, instruction: 41, function_name: Some(""test_rollback_medium_owned"") }, 102) in command 0",MOVE_ABORT,2026-04-27T03:33:52.086Z,ENgNZiWQT4nM18LBbr2wCuTQrNxWZtcJvAG9JXQJvyEq
Rollback-Depth,owned,medium,rollback_medium,2,true,true,102,200880,191000,988000,978120,200880,1260.04,1260.04,"MoveAbort(MoveLocation { module: ModuleId { address: 7ce60dbd92810f03514a3c11ceb34f8db547f40e01a5724bc5624deef0df17d6, name: Identifier(""taxonomy"") }, function: 24, instruction: 41, function_name: Some(""test_rollback_medium_owned"") }, 102) in command 0",MOVE_ABORT,2026-04-27T03:33:54.203Z,8xZoiVpK8KhV6z3VBFZT22N9sC9QXmpX5p6GTYvedTEc
Rollback-Depth,owned,medium,rollback_medium,3,true,true,102,200880,191000,988000,978120,200880,1234.55,1234.55,"MoveAbort(MoveLocation { module: ModuleId { address: 7ce60dbd92810f03514a3c11ceb34f8db547f40e01a5724bc5624deef0df17d6, name: Identifier(""taxonomy"") }, function: 24, instruction: 41, function_name: Some(""test_rollback_medium_owned"") }, 102) in command 0",MOVE_ABORT,2026-04-27T03:33:56.678Z,FfumogrK5X5F9u6bded2KLEdR3f8WsWEKCXafcZkqvDG
Rollback-Depth,owned,medium,rollback_medium,4,true,true,102,200880,191000,988000,978120,200880,994.09,994.09,"MoveAbort(MoveLocation { module: ModuleId { address: 7ce60dbd92810f03514a3c11ceb34f8db547f40e01a5724bc5624deef0df17d6, name: Identifier(""taxonomy"") }, function: 24, instruction: 41, function_name: Some(""test_rollback_medium_owned"") }, 102) in command 0",MOVE_ABORT,2026-04-27T03:33:59.118Z,4e7cvFbHx3BvTVUSoVGp4TYmuAEsq9WXxxfVoaS6ZDZR
Rollback-Depth,owned,medium,rollback_medium,5,true,true,102,200880,191000,988000,978120,200880,1027.38,1027.38,"MoveAbort(MoveLocation { module: ModuleId { address: 7ce60dbd92810f03514a3c11ceb34f8db547f40e01a5724bc5624deef0df17d6, name: Identifier(""taxonomy"") }, function: 24, instruction: 41, function_name: Some(""test_rollback_medium_owned"") }, 102) in command 0",MOVE_ABORT,2026-04-27T03:34:01.330Z,Gvy5aekrjg5NrLCB8CCFfsAqdong9RhSeahRYrzkbRbB
Rollback-Depth,owned,medium,rollback_medium,6,true,true,102,200880,191000,988000,978120,200880,1188.52,1188.52,"MoveAbort(MoveLocation { module: ModuleId { address: 7ce60dbd92810f03514a3c11ceb34f8db547f40e01a5724bc5624deef0df17d6, name: Identifier(""taxonomy"") }, function: 24, instruction: 41, function_name: Some(""test_rollback_medium_owned"") }, 102) in command 0",MOVE_ABORT,2026-04-27T03:34:03.565Z,AajBUQGTfTojKZouRyLuVFQHLaynwE1iPzodPb5ChpG6
Rollback-Depth,owned,medium,rollback_medium,7,true,true,102,200880,191000,988000,978120,200880,917.49,917.49,"MoveAbort(MoveLocation { module: ModuleId { address: 7ce60dbd92810f03514a3c11ceb34f8db547f40e01a5724bc5624deef0df17d6, name: Identifier(""taxonomy"") }, function: 24, instruction: 41, function_name: Some(""test_rollback_medium_owned"") }, 102) in command 0",MOVE_ABORT,2026-04-27T03:34:05.976Z,CJgJ9xscTFx88A9aSvpPSuM2hYGs3n5jGfrEatuddLF2
Rollback-Depth,owned,medium,rollback_medium,8,true,true,102,200880,191000,988000,978120,200880,897.70,897.70,"MoveAbort(MoveLocation { module: ModuleId { address: 7ce60dbd92810f03514a3c11ceb34f8db547f40e01a5724bc5624deef0df17d6, name: Identifier(""taxonomy"") }, function: 24, instruction: 41, function_name: Some(""test_rollback_medium_owned"") }, 102) in command 0",MOVE_ABORT,2026-04-27T03:34:08.101Z,AvLAgoGKeowPqYkc4REBZ2xJckyxX7UnJ2x11eBbc3jZ
Rollback-Depth,owned,medium,rollback_medium,9,true,true,102,200880,191000,988000,978120,200880,1086.57,1086.57,"MoveAbort(MoveLocation { module: ModuleId { address: 7ce60dbd92810f03514a3c11ceb34f8db547f40e01a5724bc5624deef0df17d6, name: Identifier(""taxonomy"") }, function: 24, instruction: 41, function_name: Some(""test_rollback_medium_owned"") }, 102) in command 0",MOVE_ABORT,2026-04-27T03:34:10.200Z,6Dpg6ekJgjhJzm6pejcqGBerMHQz95KZfGq8VKeyUt6L
Rollback-Depth,owned,medium,rollback_medium,10,true,true,102,200880,191000,988000,978120,200880,1496.47,1496.47,"MoveAbort(MoveLocation { module: ModuleId { address: 7ce60dbd92810f03514a3c11ceb34f8db547f40e01a5724bc5624deef0df17d6, name: Identifier(""taxonomy"") }, function: 24, instruction: 41, function_name: Some(""test_rollback_medium_owned"") }, 102) in command 0",MOVE_ABORT,2026-04-27T03:34:12.489Z,DiK52eVGW4qmkFnLEegnJ7A9KLwcC9cRqcFEb5REmsA5
Rollback-Depth,owned,medium,rollback_medium,11,true,true,102,200880,191000,988000,978120,200880,1004.63,1004.63,"MoveAbort(MoveLocation { module: ModuleId { address: 7ce60dbd92810f03514a3c11ceb34f8db547f40e01a5724bc5624deef0df17d6, name: Identifier(""taxonomy"") }, function: 24, instruction: 41, function_name: Some(""test_rollback_medium_owned"") }, 102) in command 0",MOVE_ABORT,2026-04-27T03:34:15.195Z,Ho1vMNCjLFh4PcxJcZ8AW5mR16iLY16jnX5b7CCiQgfC
Rollback-Depth,owned,medium,rollback_medium,12,true,true,102,200880,191000,988000,978120,200880,992.03,992.03,"MoveAbort(MoveLocation { module: ModuleId { address: 7ce60dbd92810f03514a3c11ceb34f8db547f40e01a5724bc5624deef0df17d6, name: Identifier(""taxonomy"") }, function: 24, instruction: 41, function_name: Some(""test_rollback_medium_owned"") }, 102) in command 0",MOVE_ABORT,2026-04-27T03:34:17.414Z,86qS7GD7YeLEtXjXfr6YgoXiRyGLrCN91Vajn4KsJs1j
Rollback-Depth,owned,medium,rollback_medium,13,true,true,102,200880,191000,988000,978120,200880,2495.91,2495.91,"MoveAbort(MoveLocation { module: ModuleId { address: 7ce60dbd92810f03514a3c11ceb34f8db547f40e01a5724bc5624deef0df17d6, name: Identifier(""taxonomy"") }, function: 24, instruction: 41, function_name: Some(""test_rollback_medium_owned"") }, 102) in command 0",MOVE_ABORT,2026-04-27T03:34:19.618Z,EW74wkNnv4yjgHMt82NPDz4FNNfesZtu6uNXFgNGpbAY
Rollback-Depth,owned,medium,rollback_medium,14,true,true,102,200880,191000,988000,978120,200880,960.96,960.96,"MoveAbort(MoveLocation { module: ModuleId { address: 7ce60dbd92810f03514a3c11ceb34f8db547f40e01a5724bc5624deef0df17d6, name: Identifier(""taxonomy"") }, function: 24, instruction: 41, function_name: Some(""test_rollback_medium_owned"") }, 102) in command 0",MOVE_ABORT,2026-04-27T03:34:23.316Z,GzTwXH5toQ9nWTS7fUoZHEodNvDoszJ6ziqkt16SrHy5
Rollback-Depth,owned,medium,rollback_medium,15,true,true,102,200880,191000,988000,978120,200880,1010.78,1010.78,"MoveAbort(MoveLocation { module: ModuleId { address: 7ce60dbd92810f03514a3c11ceb34f8db547f40e01a5724bc5624deef0df17d6, name: Identifier(""taxonomy"") }, function: 24, instruction: 41, function_name: Some(""test_rollback_medium_owned"") }, 102) in command 0",MOVE_ABORT,2026-04-27T03:34:25.484Z,8opK4p5evaQkxYYjhJf9WvwxrHepuRCv53gANxmJcULc
Rollback-Depth,owned,medium,rollback_medium,16,true,true,102,200880,191000,988000,978120,200880,1004.50,1004.50,"MoveAbort(MoveLocation { module: ModuleId { address: 7ce60dbd92810f03514a3c11ceb34f8db547f40e01a5724bc5624deef0df17d6, name: Identifier(""taxonomy"") }, function: 24, instruction: 41, function_name: Some(""test_rollback_medium_owned"") }, 102) in command 0",MOVE_ABORT,2026-04-27T03:34:27.699Z,91mRe4MvmDvo47hUcjw3Pmkce5o5dA9eRW1dgcjVdyB9
Rollback-Depth,owned,medium,rollback_medium,17,true,true,102,200880,191000,988000,978120,200880,1120.09,1120.09,"MoveAbort(MoveLocation { module: ModuleId { address: 7ce60dbd92810f03514a3c11ceb34f8db547f40e01a5724bc5624deef0df17d6, name: Identifier(""taxonomy"") }, function: 24, instruction: 41, function_name: Some(""test_rollback_medium_owned"") }, 102) in command 0",MOVE_ABORT,2026-04-27T03:34:29.914Z,7FEL5fjDcLymZGAKKXhzRp2Yczioetvg6MmSg1oGm9C
Rollback-Depth,owned,medium,rollback_medium,18,true,true,102,200880,191000,988000,978120,200880,2000.66,2000.66,"MoveAbort(MoveLocation { module: ModuleId { address: 7ce60dbd92810f03514a3c11ceb34f8db547f40e01a5724bc5624deef0df17d6, name: Identifier(""taxonomy"") }, function: 24, instruction: 41, function_name: Some(""test_rollback_medium_owned"") }, 102) in command 0",MOVE_ABORT,2026-04-27T03:34:32.247Z,CyjZ7bsZ1izJ6YbHd8J8VmJrBMaTkCrEnHqZxKQpem3M
Rollback-Depth,owned,medium,rollback_medium,19,true,true,102,200880,191000,988000,978120,200880,1086.43,1086.43,"MoveAbort(MoveLocation { module: ModuleId { address: 7ce60dbd92810f03514a3c11ceb34f8db547f40e01a5724bc5624deef0df17d6, name: Identifier(""taxonomy"") }, function: 24, instruction: 41, function_name: Some(""test_rollback_medium_owned"") }, 102) in command 0",MOVE_ABORT,2026-04-27T03:34:35.450Z,92dRRaYmt7HAkGnSeMtUdmhtUfCAi9prDVP9sT1h5gVv
Rollback-Depth,owned,medium,rollback_medium,20,true,true,102,200880,191000,988000,978120,200880,922.93,922.93,"MoveAbort(MoveLocation { module: ModuleId { address: 7ce60dbd92810f03514a3c11ceb34f8db547f40e01a5724bc5624deef0df17d6, name: Identifier(""taxonomy"") }, function: 24, instruction: 41, function_name: Some(""test_rollback_medium_owned"") }, 102) in command 0",MOVE_ABORT,2026-04-27T03:34:37.746Z,J113kH4cmoXhg1jYZTbk7DfQjpsNxvStWv5gEXBkJR5k
Rollback-Depth,owned,deep,rollback_deep,1,true,true,102,200880,191000,988000,978120,200880,938.57,938.57,"MoveAbort(MoveLocation { module: ModuleId { address: 7ce60dbd92810f03514a3c11ceb34f8db547f40e01a5724bc5624deef0df17d6, name: Identifier(""taxonomy"") }, function: 25, instruction: 81, function_name: Some(""test_rollback_deep_owned"") }, 102) in command 0",MOVE_ABORT,2026-04-27T03:34:39.874Z,FzkqbWhEt4LibKd7voMYczCt8TbZ6yxeiuxPapmqQsBR
Rollback-Depth,owned,deep,rollback_deep,2,true,true,102,200880,191000,988000,978120,200880,1708.18,1708.18,"MoveAbort(MoveLocation { module: ModuleId { address: 7ce60dbd92810f03514a3c11ceb34f8db547f40e01a5724bc5624deef0df17d6, name: Identifier(""taxonomy"") }, function: 25, instruction: 81, function_name: Some(""test_rollback_deep_owned"") }, 102) in command 0",MOVE_ABORT,2026-04-27T03:34:42.024Z,4ry9Admuxbx4TkBfrredbqqg1TNNugu55nCh5rN4UapK
Rollback-Depth,owned,deep,rollback_deep,3,true,true,102,200880,191000,988000,978120,200880,2127.35,2127.35,"MoveAbort(MoveLocation { module: ModuleId { address: 7ce60dbd92810f03514a3c11ceb34f8db547f40e01a5724bc5624deef0df17d6, name: Identifier(""taxonomy"") }, function: 25, instruction: 81, function_name: Some(""test_rollback_deep_owned"") }, 102) in command 0",MOVE_ABORT,2026-04-27T03:34:44.947Z,AFeVCTk75JJ7aZg8e5iE94DtYe9aMR25rPF3UbVMTC9M
Rollback-Depth,owned,deep,rollback_deep,4,true,true,102,200880,191000,988000,978120,200880,925.18,925.18,"MoveAbort(MoveLocation { module: ModuleId { address: 7ce60dbd92810f03514a3c11ceb34f8db547f40e01a5724bc5624deef0df17d6, name: Identifier(""taxonomy"") }, function: 25, instruction: 81, function_name: Some(""test_rollback_deep_owned"") }, 102) in command 0",MOVE_ABORT,2026-04-27T03:34:48.290Z,7CXWhj8kTaCFsgWhEo2cLixTPDeMLa7qWoRGeE7tJpJu
Rollback-Depth,owned,deep,rollback_deep,5,true,true,102,200880,191000,988000,978120,200880,1010.73,1010.73,"MoveAbort(MoveLocation { module: ModuleId { address: 7ce60dbd92810f03514a3c11ceb34f8db547f40e01a5724bc5624deef0df17d6, name: Identifier(""taxonomy"") }, function: 25, instruction: 81, function_name: Some(""test_rollback_deep_owned"") }, 102) in command 0",MOVE_ABORT,2026-04-27T03:34:50.428Z,Ew5jvFxz5UcMTU9E1rNHdrJoXHmEkMUrLTvuGTPLRvRh
Rollback-Depth,owned,deep,rollback_deep,6,true,true,102,200880,191000,988000,978120,200880,913.02,913.02,"MoveAbort(MoveLocation { module: ModuleId { address: 7ce60dbd92810f03514a3c11ceb34f8db547f40e01a5724bc5624deef0df17d6, name: Identifier(""taxonomy"") }, function: 25, instruction: 81, function_name: Some(""test_rollback_deep_owned"") }, 102) in command 0",MOVE_ABORT,2026-04-27T03:34:52.649Z,H3JqJBHKt1mSA3S5ufsMgxymALFMWPAQnR6EexK1ys5w
Rollback-Depth,owned,deep,rollback_deep,7,true,true,102,200880,191000,988000,978120,200880,1489.52,1489.52,"MoveAbort(MoveLocation { module: ModuleId { address: 7ce60dbd92810f03514a3c11ceb34f8db547f40e01a5724bc5624deef0df17d6, name: Identifier(""taxonomy"") }, function: 25, instruction: 81, function_name: Some(""test_rollback_deep_owned"") }, 102) in command 0",MOVE_ABORT,2026-04-27T03:34:54.774Z,AyAgkqjspnPM2xnFUFBgWyqKzYWLU97GaTaA4K96Hwje
Rollback-Depth,owned,deep,rollback_deep,8,true,true,102,200880,191000,988000,978120,200880,995.36,995.36,"MoveAbort(MoveLocation { module: ModuleId { address: 7ce60dbd92810f03514a3c11ceb34f8db547f40e01a5724bc5624deef0df17d6, name: Identifier(""taxonomy"") }, function: 25, instruction: 81, function_name: Some(""test_rollback_deep_owned"") }, 102) in command 0",MOVE_ABORT,2026-04-27T03:34:57.470Z,HvDrGfqG63REPBUxUb1ZmYSs76pAzrGAJGgkYCJBZxcD
Rollback-Depth,owned,deep,rollback_deep,9,true,true,102,200880,191000,988000,978120,200880,926.95,926.95,"MoveAbort(MoveLocation { module: ModuleId { address: 7ce60dbd92810f03514a3c11ceb34f8db547f40e01a5724bc5624deef0df17d6, name: Identifier(""taxonomy"") }, function: 25, instruction: 81, function_name: Some(""test_rollback_deep_owned"") }, 102) in command 0",MOVE_ABORT,2026-04-27T03:34:59.677Z,8GiJ9f4B6pWzp4EUGLBfSR4yz49n73GJt8Snkaeykweu
Rollback-Depth,owned,deep,rollback_deep,10,true,true,102,200880,191000,988000,978120,200880,1037.91,1037.91,"MoveAbort(MoveLocation { module: ModuleId { address: 7ce60dbd92810f03514a3c11ceb34f8db547f40e01a5724bc5624deef0df17d6, name: Identifier(""taxonomy"") }, function: 25, instruction: 81, function_name: Some(""test_rollback_deep_owned"") }, 102) in command 0",MOVE_ABORT,2026-04-27T03:35:01.810Z,FiFPhtXrZn1KqyM9GvaUKiUoVGbMXbJxdMjLYzFmVHYA
Rollback-Depth,owned,deep,rollback_deep,11,true,true,102,200880,191000,988000,978120,200880,963.27,963.27,"MoveAbort(MoveLocation { module: ModuleId { address: 7ce60dbd92810f03514a3c11ceb34f8db547f40e01a5724bc5624deef0df17d6, name: Identifier(""taxonomy"") }, function: 25, instruction: 81, function_name: Some(""test_rollback_deep_owned"") }, 102) in command 0",MOVE_ABORT,2026-04-27T03:35:04.065Z,EF2M6HpFUEZRnD4Jpu2pLhDxDhFk6gdJ69E9eHqHkVRk
Rollback-Depth,owned,deep,rollback_deep,12,true,true,102,200880,191000,988000,978120,200880,1876.03,1876.03,"MoveAbort(MoveLocation { module: ModuleId { address: 7ce60dbd92810f03514a3c11ceb34f8db547f40e01a5724bc5624deef0df17d6, name: Identifier(""taxonomy"") }, function: 25, instruction: 81, function_name: Some(""test_rollback_deep_owned"") }, 102) in command 0",MOVE_ABORT,2026-04-27T03:35:06.235Z,2sjY9RrK7DDSUGiL23A7VwiG5JUjhFKTqQEfa2W2dfJz
Rollback-Depth,owned,deep,rollback_deep,13,true,true,102,200880,191000,988000,978120,200880,918.96,918.96,"MoveAbort(MoveLocation { module: ModuleId { address: 7ce60dbd92810f03514a3c11ceb34f8db547f40e01a5724bc5624deef0df17d6, name: Identifier(""taxonomy"") }, function: 25, instruction: 81, function_name: Some(""test_rollback_deep_owned"") }, 102) in command 0",MOVE_ABORT,2026-04-27T03:35:09.327Z,9cECZLdyCBG6iCB5HQmsLSajPKYx7EjUfdhF9zCGGABq
Rollback-Depth,owned,deep,rollback_deep,14,true,true,102,200880,191000,988000,978120,200880,908.05,908.05,"MoveAbort(MoveLocation { module: ModuleId { address: 7ce60dbd92810f03514a3c11ceb34f8db547f40e01a5724bc5624deef0df17d6, name: Identifier(""taxonomy"") }, function: 25, instruction: 81, function_name: Some(""test_rollback_deep_owned"") }, 102) in command 0",MOVE_ABORT,2026-04-27T03:35:11.450Z,9u8WdiG142SoWZVV2iA6T7gQWiHkAnm2zSj4QPrybPwp
Rollback-Depth,owned,deep,rollback_deep,15,true,true,102,200880,191000,988000,978120,200880,1041.32,1041.32,"MoveAbort(MoveLocation { module: ModuleId { address: 7ce60dbd92810f03514a3c11ceb34f8db547f40e01a5724bc5624deef0df17d6, name: Identifier(""taxonomy"") }, function: 25, instruction: 81, function_name: Some(""test_rollback_deep_owned"") }, 102) in command 0",MOVE_ABORT,2026-04-27T03:35:13.567Z,DRMfZrDSykc3vM6FepUzwqKr4AxGfHHBRUpSDpfvYXct
Rollback-Depth,owned,deep,rollback_deep,16,true,true,102,200880,191000,988000,978120,200880,925.25,925.25,"MoveAbort(MoveLocation { module: ModuleId { address: 7ce60dbd92810f03514a3c11ceb34f8db547f40e01a5724bc5624deef0df17d6, name: Identifier(""taxonomy"") }, function: 25, instruction: 81, function_name: Some(""test_rollback_deep_owned"") }, 102) in command 0",MOVE_ABORT,2026-04-27T03:35:15.812Z,JDb7bNpHaSkupjuJ4qV28GDN3QWGkkuYRzTZGR49Uvjy
Rollback-Depth,owned,deep,rollback_deep,17,true,true,102,200880,191000,988000,978120,200880,972.02,972.02,"MoveAbort(MoveLocation { module: ModuleId { address: 7ce60dbd92810f03514a3c11ceb34f8db547f40e01a5724bc5624deef0df17d6, name: Identifier(""taxonomy"") }, function: 25, instruction: 81, function_name: Some(""test_rollback_deep_owned"") }, 102) in command 0",MOVE_ABORT,2026-04-27T03:35:17.938Z,Cp7PweY6GGcazzPyjY5FNKTyz5gcm7x2v65jj5p2GUcg
Rollback-Depth,owned,deep,rollback_deep,18,true,true,102,200880,191000,988000,978120,200880,1082.30,1082.30,"MoveAbort(MoveLocation { module: ModuleId { address: 7ce60dbd92810f03514a3c11ceb34f8db547f40e01a5724bc5624deef0df17d6, name: Identifier(""taxonomy"") }, function: 25, instruction: 81, function_name: Some(""test_rollback_deep_owned"") }, 102) in command 0",MOVE_ABORT,2026-04-27T03:35:20.126Z,GjAjaMJDFmotnc4pCFLG8VyUDEYbQjdc7Zk2X1YQkvQB
Rollback-Depth,owned,deep,rollback_deep,19,true,true,102,200880,191000,988000,978120,200880,1535.82,1535.82,"MoveAbort(MoveLocation { module: ModuleId { address: 7ce60dbd92810f03514a3c11ceb34f8db547f40e01a5724bc5624deef0df17d6, name: Identifier(""taxonomy"") }, function: 25, instruction: 81, function_name: Some(""test_rollback_deep_owned"") }, 102) in command 0",MOVE_ABORT,2026-04-27T03:35:22.421Z,F6QaH4BeVfdNYQVroKwFVBvZmWzdoGF1cqcKTmFs8sJc
Rollback-Depth,owned,deep,rollback_deep,20,true,true,102,200880,191000,988000,978120,200880,1175.81,1175.81,"MoveAbort(MoveLocation { module: ModuleId { address: 7ce60dbd92810f03514a3c11ceb34f8db547f40e01a5724bc5624deef0df17d6, name: Identifier(""taxonomy"") }, function: 25, instruction: 81, function_name: Some(""test_rollback_deep_owned"") }, 102) in command 0",MOVE_ABORT,2026-04-27T03:35:25.163Z,81JjJmnfWZXdNPuAbTHZUooeFFVxbtRmG2WPfGxcP3fr
Payload-Sweep,owned,na,payload_create_owned_0,1,false,false,,1698080,191000,2485200,978120,1698080,915.07,915.07,,,2026-04-27T03:35:27.547Z,8gh9pr2pDAkpA8MFcpWYYLnuExp5SAsxHSrBNyVducYT
Payload-Sweep,owned,na,payload_create_owned_0,2,false,false,,1698080,191000,2485200,978120,1698080,1085.37,1085.37,,,2026-04-27T03:35:29.673Z,7jYnd2D6qFcCxyczVt1PeE4WM9fcMnKiqHFZCP1X7FVw
Payload-Sweep,owned,na,payload_create_owned_0,3,false,false,,1698080,191000,2485200,978120,1698080,938.73,938.73,,,2026-04-27T03:35:31.969Z,6QXJFEqfAMfDQfs2kK38pnU3STEcL92xgmSiX5CLTsun
Payload-Sweep,owned,na,payload_create_owned_0,4,false,false,,1698080,191000,2485200,978120,1698080,924.07,924.07,,,2026-04-27T03:35:34.124Z,2LnKGcqi1RrzzhVsFUbLx4AyC6FtBT5sErUeHaxyXSv7
Payload-Sweep,owned,na,payload_create_owned_0,5,false,false,,1698080,191000,2485200,978120,1698080,928.73,928.73,,,2026-04-27T03:35:36.261Z,8252ESajLjnU3BBm9qaZtuzUmb3een4U9N8fEG2umW9r
Payload-Sweep,owned,na,payload_create_owned_1024,1,false,false,,9488080,191000,10275200,978120,9488080,969.24,969.24,,,2026-04-27T03:35:38.404Z,B98uEbZHywCfGCHUzPyaAkHd8ubX88M1eP5wAaxfmqgN
Payload-Sweep,owned,na,payload_create_owned_1024,2,false,false,,9488080,191000,10275200,978120,9488080,934.37,934.37,,,2026-04-27T03:35:40.589Z,FtK77YZnq7wJ5ZZPNQYKRYoJqwNkkSNJfbBRGQwcdYnX
Payload-Sweep,owned,na,payload_create_owned_1024,3,false,false,,9488080,191000,10275200,978120,9488080,1048.93,1048.93,,,2026-04-27T03:35:42.736Z,AyAdXL4zugvJzt1VJYSdQtCnajahMZTvU4xrG4YCK4kR
Payload-Sweep,owned,na,payload_create_owned_1024,4,false,false,,9488080,191000,10275200,978120,9488080,1193.38,1193.38,,,2026-04-27T03:35:44.998Z,46bTY5MkvFN4eNPUXH2hfWH5HvbDUZtcsnwFdxsdkyWe
Payload-Sweep,owned,na,payload_create_owned_1024,5,false,false,,9488080,191000,10275200,978120,9488080,1149.80,1149.80,,,2026-04-27T03:35:47.408Z,3sjyf4vmkBYB2ymSgJsMehCb3Y4UNrdx6Pnbce4p2RRT
Payload-Sweep,owned,na,payload_create_owned_4096,1,false,false,,32835280,191000,33622400,978120,32835280,1078.42,1078.42,,,2026-04-27T03:35:49.775Z,ACV5NhBBA1H9gmzbBZcLf6bEGLXaqH3uGriEQo4De8RY
Payload-Sweep,owned,na,payload_create_owned_4096,2,false,false,,32835280,191000,33622400,978120,32835280,1511.80,1511.80,,,2026-04-27T03:35:52.058Z,5pxR6prmgrgJS1r4vZZ6oQLW5fp6eHHbhXaMFcb2f8cR
Payload-Sweep,owned,na,payload_create_owned_4096,3,false,false,,32835280,191000,33622400,978120,32835280,1127.66,1127.66,,,2026-04-27T03:35:54.785Z,5MuKzNUCHd37jhWJgTKVgAy5cqaJdepVVB4fzDpRr3yQ
Payload-Sweep,owned,na,payload_create_owned_4096,4,false,false,,32835280,191000,33622400,978120,32835280,948.69,948.69,,,2026-04-27T03:35:57.122Z,A4UbzMjFDjNyTXN7BbS2zs5jg8MQ3Kf4dxQiw4gys4HV
Payload-Sweep,owned,na,payload_create_owned_4096,5,false,false,,32835280,191000,33622400,978120,32835280,2825.64,2825.64,,,2026-04-27T03:35:59.289Z,5S7HRRLLSU9yAsEtF1xAU1HS6KVRb8Fy9pH5mg94nj1
Payload-Sweep,owned,na,payload_create_owned_16384,1,false,true,9100,1620010,1610130,988000,978120,1620010,1083.34,1083.34,"InsufficientGas",INSUFFICIENT_GAS,2026-04-27T03:36:03.322Z,HG8xmHWqWG9EkYvbR8xJ8vKuBhEsSV65UCQ4Qv3rEPEH
Payload-Sweep,owned,na,payload_create_owned_16384,2,false,true,9100,1620010,1610130,988000,978120,1620010,984.81,984.81,"InsufficientGas",INSUFFICIENT_GAS,2026-04-27T03:36:05.610Z,HG8xmHWqWG9EkYvbR8xJ8vKuBhEsSV65UCQ4Qv3rEPEH
Payload-Sweep,owned,na,payload_create_owned_16384,3,false,true,9100,1620010,1610130,988000,978120,1620010,957.77,957.77,"InsufficientGas",INSUFFICIENT_GAS,2026-04-27T03:36:07.816Z,6zEKCYPegP2iCXbAAvxBKtJAPRy7JTn8swzY2Xg1DUYf
Payload-Sweep,owned,na,payload_create_owned_16384,4,false,true,9100,1620010,1610130,988000,978120,1620010,985.66,985.66,"InsufficientGas",INSUFFICIENT_GAS,2026-04-27T03:36:09.981Z,8Yi8QT9MeCVAKLjgaUp18GocwJ9dshNkvULKK3XabTwC
Payload-Sweep,owned,na,payload_create_owned_16384,5,false,true,9100,1620010,1610130,988000,978120,1620010,975.92,975.92,"InsufficientGas",INSUFFICIENT_GAS,2026-04-27T03:36:12.179Z,4UZ7rNSkPN2DQM1rRTsz1sbR9wDnZfW7fjbx2r4XW3ix
Payload-Sweep,owned,na,payload_create_owned_65536,1,false,true,9100,40272680,40262800,988000,978120,40272680,956.46,956.46,"InsufficientGas",INSUFFICIENT_GAS,2026-04-27T03:36:14.360Z,88UMx5xfFuAPmsn9TsnzomevY1VKk7Y8ALXWQwfKGMiC
Payload-Sweep,owned,na,payload_create_owned_65536,2,false,true,9100,40272680,40262800,988000,978120,40272680,1050.85,1050.85,"InsufficientGas",INSUFFICIENT_GAS,2026-04-27T03:36:16.529Z,FY59hBP9Mh59m1rqRNzw1JPmRQYNtXYaaDfGudmCoztK
Payload-Sweep,owned,na,payload_create_owned_65536,3,false,true,9100,40272680,40262800,988000,978120,40272680,1247.48,1247.48,"InsufficientGas",INSUFFICIENT_GAS,2026-04-27T03:36:18.797Z,FRnqgCYEkriwmoJe88HjAePF2L44AiozBRwe9oArw21d
Payload-Sweep,owned,na,payload_create_owned_65536,4,false,true,9100,40272680,40262800,988000,978120,40272680,965.31,965.31,"InsufficientGas",INSUFFICIENT_GAS,2026-04-27T03:36:21.262Z,5jt3Rgy2dc4FkFKrruqeQfsKJBY2R4Pj9RyAHU5LgcgQ
Payload-Sweep,owned,na,payload_create_owned_65536,5,false,true,9100,40272680,40262800,988000,978120,40272680,1503.06,1503.06,"InsufficientGas",INSUFFICIENT_GAS,2026-04-27T03:36:23.438Z,6sUcjSWbUuHxaKWs9ThfYP63s4bQzMqP9VArBQbnoACH
Payload-Sweep,owned,na,payload_create_destroy_owned_0,1,false,false,,200880,191000,988000,978120,200880,1013.04,1013.04,,,2026-04-27T03:36:26.155Z,8D1yFvLcguJ2fUhXogr1dWaLhAPwhEscyUuniKHHqiw6
Payload-Sweep,owned,na,payload_create_destroy_owned_0,2,false,false,,200880,191000,988000,978120,200880,928.31,928.31,,,2026-04-27T03:36:28.381Z,5oCrpLAqWfznMnLRncBuMH7PvEZF4YtFNGS5qzYBw2yD
Payload-Sweep,owned,na,payload_create_destroy_owned_0,3,false,false,,200880,191000,988000,978120,200880,938.28,938.28,,,2026-04-27T03:36:30.513Z,FDdGFeFP9ekDyRvEVRhuQAWKdxqd1Xs6Wx7epQWrrbLs
Payload-Sweep,owned,na,payload_create_destroy_owned_0,4,false,false,,200880,191000,988000,978120,200880,914.66,914.66,,,2026-04-27T03:36:32.660Z,FGWWr1TQ1bMfKAdpE6ZemUQoRSWDPNEkt9aWCBLmwCKg
Payload-Sweep,owned,na,payload_create_destroy_owned_0,5,false,false,,200880,191000,988000,978120,200880,1018.47,1018.47,,,2026-04-27T03:36:34.783Z,HSsgDgRZXV5Ex8NmJsJ5tEMYrHXK46ck9JvisEqEPDxp
Payload-Sweep,owned,na,payload_create_destroy_owned_1024,1,false,false,,200880,191000,988000,978120,200880,1194.31,1194.31,,,2026-04-27T03:36:37.006Z,ABFV78T3EsCmfwXid1kwJ75Qpic99KErbuc2wpLbED2u
Payload-Sweep,owned,na,payload_create_destroy_owned_1024,2,false,false,,200880,191000,988000,978120,200880,899.26,899.26,,,2026-04-27T03:36:39.413Z,Drq7JkKF3w24wToc3TDbGoxizATMpFydCvYu6QQjZWmS
Payload-Sweep,owned,na,payload_create_destroy_owned_1024,3,false,false,,200880,191000,988000,978120,200880,1007.21,1007.21,,,2026-04-27T03:36:41.515Z,AvZFgE6YzvbEpCgCVsgC4z3J3YFkWw5RENugHU1frZx4
Payload-Sweep,owned,na,payload_create_destroy_owned_1024,4,false,false,,200880,191000,988000,978120,200880,950.18,950.18,,,2026-04-27T03:36:43.725Z,3gH4MUyZS6vXhdyTLoouSifvx7Ne62k4R3DGCVWy78NX
Payload-Sweep,owned,na,payload_create_destroy_owned_1024,5,false,false,,200880,191000,988000,978120,200880,1155.42,1155.42,,,2026-04-27T03:36:45.886Z,3cWPUqNeMjKbHSCH2NzvthhtX1WutCKKSnX85ByQbZjv
Payload-Sweep,owned,na,payload_create_destroy_owned_4096,1,false,false,,200880,191000,988000,978120,200880,1104.61,1104.61,,,2026-04-27T03:36:48.255Z,9eWGGzEybMHRLr76WEQYjyC3eN8NQQoeEBiHzX95RW6d
Payload-Sweep,owned,na,payload_create_destroy_owned_4096,2,false,false,,200880,191000,988000,978120,200880,981.77,981.77,,,2026-04-27T03:36:50.567Z,8Rno7eeKLUbpo66JZDmcE3ouLhQCd2kiPqYtunQQ3BqP
Payload-Sweep,owned,na,payload_create_destroy_owned_4096,3,false,false,,200880,191000,988000,978120,200880,1126.97,1126.97,,,2026-04-27T03:36:52.768Z,3h9Q35DdireMvXk5T8MpDeUqUZb2KEpcwe5BMep3qbqm
Payload-Sweep,owned,na,payload_create_destroy_owned_4096,4,false,false,,200880,191000,988000,978120,200880,1274.18,1274.18,,,2026-04-27T03:36:55.109Z,ChHCGonSdxnR95PRZB1eaSBixLRe1Pqc8WQQnaALt6SF
Payload-Sweep,owned,na,payload_create_destroy_owned_4096,5,false,false,,200880,191000,988000,978120,200880,944.54,944.54,,,2026-04-27T03:36:57.595Z,GJKiFtZzA4WYYipXqx7KQhdDio8nLvsqzzFMfkeeMoUx
Payload-Sweep,owned,na,payload_create_destroy_owned_16384,1,false,false,,1620010,1610130,988000,978120,1620010,1050.05,1050.05,,,2026-04-27T03:36:59.752Z,5H6wRXgntv6xD2dvia7btUv1BgCGVEETSEaVJMt3KPtU
Payload-Sweep,owned,na,payload_create_destroy_owned_16384,2,false,false,,1620010,1610130,988000,978120,1620010,1034.41,1034.41,,,2026-04-27T03:37:02.015Z,DcUswmvma4PBRkUVJVhDaiGHZw5R3KGWQV17WpKwwRM2
Payload-Sweep,owned,na,payload_create_destroy_owned_16384,3,false,false,,1620010,1610130,988000,978120,1620010,969.24,969.24,,,2026-04-27T03:37:04.263Z,H7LKTQgnARjR61tUjSn7gsXQkTyCWZHLnrn2M1Tbx2FF
Payload-Sweep,owned,na,payload_create_destroy_owned_16384,4,false,false,,1620010,1610130,988000,978120,1620010,1662.73,1662.73,,,2026-04-27T03:37:06.437Z,5bxJNFPk7vWYeM4jFuUTcEj2oNgtgnnjhtUhPfjH3UWr
Payload-Sweep,owned,na,payload_create_destroy_owned_16384,5,false,false,,1620010,1610130,988000,978120,1620010,1189.39,1189.39,,,2026-04-27T03:37:09.300Z,8VfqAiqucjik8gfnTejW74B47U7nbscnB6RYNP8DM9DX
Payload-Sweep,owned,na,payload_create_destroy_owned_65536,1,false,false,,40272680,40262800,988000,978120,40272680,1075.82,1075.82,,,2026-04-27T03:37:11.693Z,64Hv63GQFmoSGWhiFFtJ9B2zJRm8ZaX4zZLwmJ2fbD5v
Payload-Sweep,owned,na,payload_create_destroy_owned_65536,2,false,false,,40272680,40262800,988000,978120,40272680,1009.05,1009.05,,,2026-04-27T03:37:13.982Z,3Qg5xM14pqPpN5XaH6kMJTu36ZF72dajxi6nWH8Bwh6T
Payload-Sweep,owned,na,payload_create_destroy_owned_65536,3,false,false,,40272680,40262800,988000,978120,40272680,1432.88,1432.88,,,2026-04-27T03:37:16.202Z,4WaWW5amNyU2Degy2XdiCCCLGVFEXokdYA1Sy4KtpvUq
Payload-Sweep,owned,na,payload_create_destroy_owned_65536,4,false,false,,40272680,40262800,988000,978120,40272680,1014.38,1014.38,,,2026-04-27T03:37:18.853Z,GDmu25GZm1qVXB96v9prdRdgmTDQ7uQsg6pKLcs3KYTS
Payload-Sweep,owned,na,payload_create_destroy_owned_65536,5,false,false,,40272680,40262800,988000,978120,40272680,1063.91,1063.91,,,2026-04-27T03:37:21.071Z,HCT12G7fEC3336nF75S8TQdtBqdRqFu2k8ogfWeq4cRj
Payload-Sweep,shared,na,payload_create_shared_0,1,false,false,,1705680,191000,2492800,978120,1705680,947.82,947.82,,,2026-04-27T03:37:23.346Z,352r8PWzpSo38BmUVe9TWB8NUvdkmQP9koJbHYbfsPVL
Payload-Sweep,shared,na,payload_create_shared_0,2,false,false,,1705680,191000,2492800,978120,1705680,1127.42,1127.42,,,2026-04-27T03:37:26.811Z,DYnmgGU3gyp726tvqA8bFsPfyR3tGrsqBoPRnQjeuKmJ
Payload-Sweep,shared,na,payload_create_shared_0,3,false,false,,1705680,191000,2492800,978120,1705680,2073.52,2073.52,,,2026-04-27T03:37:30.450Z,ED1T1MsgFTbMH3cxFtyx2EEeq6vHjar4eaarsyThNPpK
Payload-Sweep,shared,na,payload_create_shared_1024,1,false,false,,9495680,191000,10282800,978120,9495680,1012.03,1012.03,,,2026-04-27T03:37:35.040Z,FNn7eXYvJKa28EzeSLcaG2GtJLdZEAKRRDKU3cUAuhX5
Payload-Sweep,shared,na,payload_create_shared_1024,2,false,false,,9495680,191000,10282800,978120,9495680,1581.07,1581.07,,,2026-04-27T03:37:38.558Z,bNCiZtC5ZQqPM87sv2hPnX6iPHNnq9DreY66P7JkYjj
Payload-Sweep,shared,na,payload_create_shared_1024,3,false,false,,9495680,191000,10282800,978120,9495680,981.19,981.19,,,2026-04-27T03:37:42.654Z,9FHQMp2gQ3LeVfB5nSwdaZcWwxPxqHihHwatH7Mfxz7p
Payload-Sweep,shared,na,payload_create_shared_4096,1,false,false,,32842880,191000,33630000,978120,32842880,1062.38,1062.38,,,2026-04-27T03:37:46.139Z,9SjTcsgmpRvBhfE28geFUBuq5rcQoDejdaat7P87x4jH
Payload-Sweep,shared,na,payload_create_shared_4096,2,false,false,,32842880,191000,33630000,978120,32842880,1159.38,1159.38,,,2026-04-27T03:37:49.716Z,4rEpPqgGbYed7HXEnJo4beFRb9qWgVHRYqKgkj6bVFm4
Payload-Sweep,shared,na,payload_create_shared_4096,3,false,false,,32842880,191000,33630000,978120,32842880,1030.09,1030.09,,,2026-04-27T03:37:53.383Z,6Anpbuv6qjLjV9XFCVRU6jBQrCavRPwtFm217jrtvVgQ
Payload-Sweep,shared,na,payload_create_shared_16384,1,false,true,9100,1618100,1608220,988000,978120,1618100,963.80,963.80,"InsufficientGas",INSUFFICIENT_GAS,2026-04-27T03:37:56.920Z,CM92CRVMAZX4SMiTWq7d3CUw1SjPYJrQK9FxdAhCfWzf
Payload-Sweep,shared,na,payload_create_shared_16384,2,false,true,9100,1618100,1608220,988000,978120,1618100,1127.86,1127.86,"InsufficientGas",INSUFFICIENT_GAS,2026-04-27T03:38:00.393Z,4sZpbb74VM7HxoEMp9QB4ybtw6tWyX7Li2RB3w63Rhpk
Payload-Sweep,shared,na,payload_create_shared_16384,3,false,true,9100,1618100,1608220,988000,978120,1618100,953.24,953.24,"InsufficientGas",INSUFFICIENT_GAS,2026-04-27T03:38:04.036Z,99GXzR5j1cHceGbzhsfTHy1jPeawnzDczX7DzB46W48u
Payload-Sweep,shared,na,payload_create_shared_65536,1,false,true,9100,40272680,40262800,988000,978120,40272680,907.88,907.88,"InsufficientGas",INSUFFICIENT_GAS,2026-04-27T03:38:07.500Z,5ws6HisEhQTU5fLh1dPnsquEjorBeA5k4Z5kZmxrKTDj
Payload-Sweep,shared,na,payload_create_shared_65536,2,false,true,9100,40272680,40262800,988000,978120,40272680,1327.48,1327.48,"InsufficientGas",INSUFFICIENT_GAS,2026-04-27T03:38:10.920Z,GVDtqFaK7RpFrR3EGyJgg5k9K7e3Ns8LeLqWXPDJxYja
Payload-Sweep,shared,na,payload_create_shared_65536,3,false,true,9100,40272680,40262800,988000,978120,40272680,1730.47,1730.47,"InsufficientGas",INSUFFICIENT_GAS,2026-04-27T03:38:14.755Z,EykaJ1bm8zNcvs6owgVGa2hX7HceibsMjex5WQBpGGgV
Rebate-Trap,owned,na,rebate_success,1,false,false,,200880,191000,988000,978120,200880,1020.37,1020.37,,,2026-04-27T03:38:19.000Z,HGZFRwFrA7o5KrivTV6tmvM7kUnyfkib2xZqw11T9BuS
Rebate-Trap,owned,na,rebate_success,2,false,false,,200880,191000,988000,978120,200880,1026.64,1026.64,,,2026-04-27T03:38:21.236Z,HChfsEfCDZzbYy47rHRmrYzokUHaXpgS5CfqcJbEVgGe
Rebate-Trap,owned,na,rebate_success,3,false,false,,200880,191000,988000,978120,200880,933.34,933.34,,,2026-04-27T03:38:23.479Z,EbkNKJG7F9qtCNPBSq2KXTZjFb3EUFzybh6hyHvGPkM2
Rebate-Trap,owned,na,rebate_success,4,false,false,,200880,191000,988000,978120,200880,1041.84,1041.84,,,2026-04-27T03:38:25.618Z,DH67WDwGh5kvDewBYBVvq6vszh2Y4oM9QXtgnZRALZQ7
Rebate-Trap,owned,na,rebate_success,5,false,false,,200880,191000,988000,978120,200880,983.32,983.32,,,2026-04-27T03:38:27.872Z,7AQMNU2MqB8MXpHf4UpGWRk2rQrUD439tjz4HUFKapLh
Rebate-Trap,owned,na,rebate_success,6,false,false,,200880,191000,988000,978120,200880,1158.09,1158.09,,,2026-04-27T03:38:30.058Z,DwUz5mU22L4FPoyvPQsQWy8ZWsumRmLxe95Yr37uYqkK
Rebate-Trap,owned,na,rebate_success,7,false,false,,200880,191000,988000,978120,200880,966.37,966.37,,,2026-04-27T03:38:32.421Z,D8a8KibgEnqpaHoov3mAgLhgqESuqMxDSZRPqrCG75gd
Rebate-Trap,owned,na,rebate_success,8,false,false,,200880,191000,988000,978120,200880,967.97,967.97,,,2026-04-27T03:38:34.598Z,HSfWCSiu1RtTLBqza2wsTZ8V1AQw1NxX5QjooGcCKAd4
Rebate-Trap,owned,na,rebate_success,9,false,false,,200880,191000,988000,978120,200880,1063.19,1063.19,,,2026-04-27T03:38:36.770Z,7hqsYkuvhmyDNwXAZnLi23UL1GFQruHDWaYpPz2Ax6XW
Rebate-Trap,owned,na,rebate_success,10,false,false,,200880,191000,988000,978120,200880,1163.70,1163.70,,,2026-04-27T03:38:39.048Z,5oihLsMyHQG2DEpRT88byzHNCjL64EVgzP339rpD5rVD
Rebate-Trap,owned,na,abort_before_destroy,1,true,true,999,200880,191000,988000,978120,200880,944.71,944.71,"MoveAbort(MoveLocation { module: ModuleId { address: 7ce60dbd92810f03514a3c11ceb34f8db547f40e01a5724bc5624deef0df17d6, name: Identifier(""taxonomy"") }, function: 21, instruction: 9, function_name: Some(""test_rebate_abort_owned"") }, 999) in command 0",MOVE_ABORT,2026-04-27T03:38:41.429Z,3o7m9JuzRZaUUKB5pDfcjj6XhXW6AuRYrDTmKZ8uXwMA
Rebate-Trap,owned,na,abort_before_destroy,2,true,true,999,200880,191000,988000,978120,200880,1142.56,1142.56,"MoveAbort(MoveLocation { module: ModuleId { address: 7ce60dbd92810f03514a3c11ceb34f8db547f40e01a5724bc5624deef0df17d6, name: Identifier(""taxonomy"") }, function: 21, instruction: 9, function_name: Some(""test_rebate_abort_owned"") }, 999) in command 0",MOVE_ABORT,2026-04-27T03:38:43.586Z,Hv1QmCiaJppuieQ8zKeUXc5cCvVS6HxEPqSDnSoBnsoT
Rebate-Trap,owned,na,abort_before_destroy,3,true,true,999,200880,191000,988000,978120,200880,1031.38,1031.38,"MoveAbort(MoveLocation { module: ModuleId { address: 7ce60dbd92810f03514a3c11ceb34f8db547f40e01a5724bc5624deef0df17d6, name: Identifier(""taxonomy"") }, function: 21, instruction: 9, function_name: Some(""test_rebate_abort_owned"") }, 999) in command 0",MOVE_ABORT,2026-04-27T03:38:45.938Z,3N6514pbZt1BtNXXUW9m27BE7Tojp3q11Wh7p8BkNZsi
Rebate-Trap,owned,na,abort_before_destroy,4,true,true,999,200880,191000,988000,978120,200880,1828.34,1828.34,"MoveAbort(MoveLocation { module: ModuleId { address: 7ce60dbd92810f03514a3c11ceb34f8db547f40e01a5724bc5624deef0df17d6, name: Identifier(""taxonomy"") }, function: 21, instruction: 9, function_name: Some(""test_rebate_abort_owned"") }, 999) in command 0",MOVE_ABORT,2026-04-27T03:38:48.181Z,7FS5SRMpM4e5Gf7F9gvbkdgEfvC5T8RmVyC6ZXzWkfaY
Rebate-Trap,owned,na,abort_before_destroy,5,true,true,999,200880,191000,988000,978120,200880,1024.70,1024.70,"MoveAbort(MoveLocation { module: ModuleId { address: 7ce60dbd92810f03514a3c11ceb34f8db547f40e01a5724bc5624deef0df17d6, name: Identifier(""taxonomy"") }, function: 21, instruction: 9, function_name: Some(""test_rebate_abort_owned"") }, 999) in command 0",MOVE_ABORT,2026-04-27T03:38:51.210Z,AJoK6Zc3L2geTEXJKLq9wyN2onVGRFxYXtwEZSMBgXUU
Rebate-Trap,owned,na,abort_before_destroy,6,true,true,999,200880,191000,988000,978120,200880,1937.90,1937.90,"MoveAbort(MoveLocation { module: ModuleId { address: 7ce60dbd92810f03514a3c11ceb34f8db547f40e01a5724bc5624deef0df17d6, name: Identifier(""taxonomy"") }, function: 21, instruction: 9, function_name: Some(""test_rebate_abort_owned"") }, 999) in command 0",MOVE_ABORT,2026-04-27T03:38:53.449Z,AZcfjdkNAan7VvgNhTDhZiKPw3ognuCb36hSVyJsMbTV
Rebate-Trap,owned,na,abort_before_destroy,7,true,true,999,200880,191000,988000,978120,200880,1027.36,1027.36,"MoveAbort(MoveLocation { module: ModuleId { address: 7ce60dbd92810f03514a3c11ceb34f8db547f40e01a5724bc5624deef0df17d6, name: Identifier(""taxonomy"") }, function: 21, instruction: 9, function_name: Some(""test_rebate_abort_owned"") }, 999) in command 0",MOVE_ABORT,2026-04-27T03:38:56.595Z,6tgcUQpprSiDwKFcfdVC8ZWgyWsfG1JwfbM8saJBHnh7
Rebate-Trap,owned,na,abort_before_destroy,8,true,true,999,200880,191000,988000,978120,200880,1076.15,1076.15,"MoveAbort(MoveLocation { module: ModuleId { address: 7ce60dbd92810f03514a3c11ceb34f8db547f40e01a5724bc5624deef0df17d6, name: Identifier(""taxonomy"") }, function: 21, instruction: 9, function_name: Some(""test_rebate_abort_owned"") }, 999) in command 0",MOVE_ABORT,2026-04-27T03:38:58.834Z,F1HdRVMKaW7LCGsx6WSmjc4R2ihKSuw1nMCm4E5EoiWF
Rebate-Trap,owned,na,abort_before_destroy,9,true,true,999,200880,191000,988000,978120,200880,389.64,389.64,"MoveAbort(MoveLocation { module: ModuleId { address: 7ce60dbd92810f03514a3c11ceb34f8db547f40e01a5724bc5624deef0df17d6, name: Identifier(""taxonomy"") }, function: 21, instruction: 9, function_name: Some(""test_rebate_abort_owned"") }, 999) in command 0",MOVE_ABORT,2026-04-27T03:39:01.114Z,F1HdRVMKaW7LCGsx6WSmjc4R2ihKSuw1nMCm4E5EoiWF
Rebate-Trap,owned,na,abort_before_destroy,10,true,true,999,200880,191000,988000,978120,200880,1757.37,1757.37,"MoveAbort(MoveLocation { module: ModuleId { address: 7ce60dbd92810f03514a3c11ceb34f8db547f40e01a5724bc5624deef0df17d6, name: Identifier(""taxonomy"") }, function: 21, instruction: 9, function_name: Some(""test_rebate_abort_owned"") }, 999) in command 0",MOVE_ABORT,2026-04-27T03:39:02.713Z,CaNerKMoMQ7r3iLPp7g3LULjQ6fexyMqGwQtKU3Z37oS
Rebate-Trap,owned,na,destroy_then_abort,1,true,true,999,200880,191000,988000,978120,200880,931.66,931.66,"MoveAbort(MoveLocation { module: ModuleId { address: 7ce60dbd92810f03514a3c11ceb34f8db547f40e01a5724bc5624deef0df17d6, name: Identifier(""taxonomy"") }, function: 22, instruction: 11, function_name: Some(""test_rebate_destroy_then_abort_owned"") }, 999) in command 0",MOVE_ABORT,2026-04-27T03:39:05.686Z,DB8KbdvWe9CgFSWa5q4z497doBbSGu9DPS1qf9a8Yd9a
Rebate-Trap,owned,na,destroy_then_abort,2,true,true,999,200880,191000,988000,978120,200880,992.29,992.29,"MoveAbort(MoveLocation { module: ModuleId { address: 7ce60dbd92810f03514a3c11ceb34f8db547f40e01a5724bc5624deef0df17d6, name: Identifier(""taxonomy"") }, function: 22, instruction: 11, function_name: Some(""test_rebate_destroy_then_abort_owned"") }, 999) in command 0",MOVE_ABORT,2026-04-27T03:39:07.823Z,EPobD9aq51L2rQHeTvPQi48jn8WDpFcjn2aXPziCTm6w
Rebate-Trap,owned,na,destroy_then_abort,3,true,true,999,200880,191000,988000,978120,200880,1151.63,1151.63,"MoveAbort(MoveLocation { module: ModuleId { address: 7ce60dbd92810f03514a3c11ceb34f8db547f40e01a5724bc5624deef0df17d6, name: Identifier(""taxonomy"") }, function: 22, instruction: 11, function_name: Some(""test_rebate_destroy_then_abort_owned"") }, 999) in command 0",MOVE_ABORT,2026-04-27T03:39:10.023Z,AsYzwMWSa866PzXHHX2puvUT1JAUoV2LrFWZAzZ8VuN2
Rebate-Trap,owned,na,destroy_then_abort,4,true,true,999,200880,191000,988000,978120,200880,1010.91,1010.91,"MoveAbort(MoveLocation { module: ModuleId { address: 7ce60dbd92810f03514a3c11ceb34f8db547f40e01a5724bc5624deef0df17d6, name: Identifier(""taxonomy"") }, function: 22, instruction: 11, function_name: Some(""test_rebate_destroy_then_abort_owned"") }, 999) in command 0",MOVE_ABORT,2026-04-27T03:39:12.390Z,D8gPz8FK5QndoFe4LK2YHvcHiCWDy4iA3uJSE3iaR57J
Rebate-Trap,owned,na,destroy_then_abort,5,true,true,999,200880,191000,988000,978120,200880,1645.58,1645.58,"MoveAbort(MoveLocation { module: ModuleId { address: 7ce60dbd92810f03514a3c11ceb34f8db547f40e01a5724bc5624deef0df17d6, name: Identifier(""taxonomy"") }, function: 22, instruction: 11, function_name: Some(""test_rebate_destroy_then_abort_owned"") }, 999) in command 0",MOVE_ABORT,2026-04-27T03:39:14.606Z,CN7u45xBJdZiYYWMV2jkAdgq2oRbXFUcx1NqHhUCXtAS
Rebate-Trap,owned,na,destroy_then_abort,6,true,true,999,200880,191000,988000,978120,200880,1078.13,1078.13,"MoveAbort(MoveLocation { module: ModuleId { address: 7ce60dbd92810f03514a3c11ceb34f8db547f40e01a5724bc5624deef0df17d6, name: Identifier(""taxonomy"") }, function: 22, instruction: 11, function_name: Some(""test_rebate_destroy_then_abort_owned"") }, 999) in command 0",MOVE_ABORT,2026-04-27T03:39:17.457Z,ixGes8qcfQCbkEeQcAD4Gr4D5aDxAxJwDa16TbW83nq
Rebate-Trap,owned,na,destroy_then_abort,7,true,true,999,200880,191000,988000,978120,200880,936.00,936.00,"MoveAbort(MoveLocation { module: ModuleId { address: 7ce60dbd92810f03514a3c11ceb34f8db547f40e01a5724bc5624deef0df17d6, name: Identifier(""taxonomy"") }, function: 22, instruction: 11, function_name: Some(""test_rebate_destroy_then_abort_owned"") }, 999) in command 0",MOVE_ABORT,2026-04-27T03:39:19.741Z,9qyXZJ96DuQgULSQ7CZ9HsmYbwC8xvtS9yeBmkXKMMzV
Rebate-Trap,owned,na,destroy_then_abort,8,true,true,999,200880,191000,988000,978120,200880,1044.61,1044.61,"MoveAbort(MoveLocation { module: ModuleId { address: 7ce60dbd92810f03514a3c11ceb34f8db547f40e01a5724bc5624deef0df17d6, name: Identifier(""taxonomy"") }, function: 22, instruction: 11, function_name: Some(""test_rebate_destroy_then_abort_owned"") }, 999) in command 0",MOVE_ABORT,2026-04-27T03:39:21.894Z,EGiVinoLVf6DTb9GsRk1iDPvh2gJNYGAY1zTV84EbyN2
Rebate-Trap,owned,na,destroy_then_abort,9,true,true,999,200880,191000,988000,978120,200880,1300.61,1300.61,"MoveAbort(MoveLocation { module: ModuleId { address: 7ce60dbd92810f03514a3c11ceb34f8db547f40e01a5724bc5624deef0df17d6, name: Identifier(""taxonomy"") }, function: 22, instruction: 11, function_name: Some(""test_rebate_destroy_then_abort_owned"") }, 999) in command 0",MOVE_ABORT,2026-04-27T03:39:24.140Z,DB4j1zJZGgfP6AYbuotXGob4ivoEjNiaz6n6yoRmrsZ8
Rebate-Trap,owned,na,destroy_then_abort,10,true,true,999,200880,191000,988000,978120,200880,955.76,955.76,"MoveAbort(MoveLocation { module: ModuleId { address: 7ce60dbd92810f03514a3c11ceb34f8db547f40e01a5724bc5624deef0df17d6, name: Identifier(""taxonomy"") }, function: 22, instruction: 11, function_name: Some(""test_rebate_destroy_then_abort_owned"") }, 999) in command 0",MOVE_ABORT,2026-04-27T03:39:26.642Z,ARZZXvkmnq3ZdcWpeapjwpKSbyhgKBaMwJyARK8phBjQ